{"0":{"_class":"MSAttributedStringKey","size":"{183, 38}","string":{"_class":"attributedString","string":"By signing up, you agree to our Terms, Data Policy ","attributes":[{"_class":"stringAttribute","location":0,"length":32,"attributes":{"MSAttributedStringFontAttribute":{"_class":"fontDescriptor","attributes":{"name":"Montserrat-Light","size":15}},"MSAttributedStringColorAttribute":{"_class":"color","alpha":1,"blue":0.5013716966366759,"green":0.5013716966366759,"red":0.5117470561594203},"textStyleVerticalAlignmentKey":0,"paragraphStyle":{"_class":"paragraphStyle","alignment":2,"allowsDefaultTighteningForTruncation":0},"kerning":-0.8437499233978328}},{"_class":"stringAttribute","location":32,"length":5,"attributes":{"MSAttributedStringFontAttribute":{"_class":"fontDescriptor","attributes":{"name":"Montserrat-Medium","size":15}},"MSAttributedStringColorAttribute":{"_class":"color","alpha":1,"blue":0.5013716966366759,"green":0.5013716966366759,"red":0.5117470561594203},"textStyleVerticalAlignmentKey":0,"paragraphStyle":{"_class":"paragraphStyle","alignment":2,"allowsDefaultTighteningForTruncation":0},"kerning":-0.8437499233978328}},{"_class":"stringAttribute","location":37,"length":2,"attributes":{"MSAttributedStringFontAttribute":{"_class":"fontDescriptor","attributes":{"name":"Montserrat-Light","size":15}},"MSAttributedStringColorAttribute":{"_class":"color","alpha":1,"blue":0.5013716966366759,"green":0.5013716966366759,"red":0.5117470561594203},"textStyleVerticalAlignmentKey":0,"paragraphStyle":{"_class":"paragraphStyle","alignment":2,"allowsDefaultTighteningForTruncation":0},"kerning":-0.8437499233978328}},{"_class":"stringAttribute","location":39,"length":11,"attributes":{"MSAttributedStringFontAttribute":{"_class":"fontDescriptor","attributes":{"name":"Montserrat-Medium","size":15}},"MSAttributedStringColorAttribute":{"_class":"color","alpha":1,"blue":0.5013716966366759,"green":0.5013716966366759,"red":0.5117470561594203},"textStyleVerticalAlignmentKey":0,"paragraphStyle":{"_class":"paragraphStyle","alignment":2,"allowsDefaultTighteningForTruncation":0},"kerning":-0.8437499233978328}},{"_class":"stringAttribute","location":50,"length":1,"attributes":{"MSAttributedStringFontAttribute":{"_class":"fontDescriptor","attributes":{"name":"Montserrat-Light","size":15}},"MSAttributedStringColorAttribute":{"_class":"color","alpha":1,"blue":0.5013716966366759,"green":0.5013716966366759,"red":0.5117470561594203},"textStyleVerticalAlignmentKey":0,"paragraphStyle":{"_class":"paragraphStyle","alignment":2,"allowsDefaultTighteningForTruncation":0},"kerning":-0.8437499233978328}}]}},"frames":{"02FE2351-EB21-46C7-8615-9ED84D2C652D":{"_class":"NSValue","type":"rect","value":"{89, 548, 183, 38}"},"68173010-385A-45AF-A899-0298E3B81075":{"_class":"NSValue","type":"rect","value":"{1243, 0, 74, 19}"},"98F3E9CB-0D73-4E72-9C4E-FFDE3C365A4B":{"_class":"NSValue","type":"rect","value":"{50, 10, 52, 19}"},"06AE3314-E592-460A-AC8F-B25FB8CD98CC":{"_class":"NSValue","type":"rect","value":"{53, 10, 46, 19}"},"7A55A9DA-0267-4D9D-AF12-4C734FBEA5E4":{"_class":"NSValue","type":"rect","value":"{91, 90, 183, 38}"},"B18A9783-098F-49EC-A291-059DAA440E1A":{"_class":"NSValue","type":"rect","value":"{1243, 0, 74, 19}"},"CAD36D40-AFA0-4ECD-B2E6-3A49523DF8F4":{"_class":"NSValue","type":"rect","value":"{47, 9, 58, 19}"},"1A0D31FE-3867-427D-B5FC-E0E93C6697EE":{"_class":"NSValue","type":"rect","value":"{1243, 0, 74, 19}"},"2A57E935-0C85-40AE-A4A6-12BFDB6DAB99":{"_class":"NSValue","type":"rect","value":"{1243, 0, 74, 19}"},"06431868-AB85-425A-AF7E-76BEA5043631":{"_class":"NSValue","type":"rect","value":"{111, 26, 140, 61}"},"FC621D5E-458E-49B9-B97B-CA2FF5228A5C":{"_class":"NSValue","type":"rect","value":"{606, 348, 229, 53}"},"557A64D4-C928-40E7-93E7-60EB84F6CE1D":{"_class":"NSValue","type":"rect","value":"{613, 603, 215, 38}"},"71284CB1-6157-4310-8258-9604C3FCA58C":{"_class":"NSValue","type":"rect","value":"{587, 454, 267, 53}"},"79B1BB2F-CDF7-4C79-9E95-78A7F594FB08":{"_class":"NSValue","type":"rect","value":"{43.5, 9, 65, 19}"},"1F55EE65-0F85-4309-9423-33599192D5B2":{"_class":"NSValue","type":"rect","value":"{111, 26, 140, 61}"},"C3DA9A61-4BAA-45D9-B135-0BED761990B3":{"_class":"NSValue","type":"rect","value":"{111, 26, 140, 61}"}},"15":{"_class":"MSAttributedStringKey","size":"{140, 61}","string":{"_class":"attributedString","string":"LOGO","attributes":[{"_class":"stringAttribute","location":0,"length":4,"attributes":{"MSAttributedStringFontAttribute":{"_class":"fontDescriptor","attributes":{"name":"Montserrat-ExtraLight","size":50}},"MSAttributedStringColorAttribute":{"_class":"color","alpha":1,"blue":0.2666666666666667,"green":0.2980392156862745,"red":0.07450980392156863},"textStyleVerticalAlignmentKey":0,"paragraphStyle":{"_class":"paragraphStyle","alignment":2,"allowsDefaultTighteningForTruncation":0},"kerning":-2.812499744659442}}]}},"13":{"_class":"MSAttributedStringKey","size":"{65, 19}","string":{"_class":"attributedString","string":"Let’s Start","attributes":[{"_class":"stringAttribute","location":0,"length":11,"attributes":{"MSAttributedStringFontAttribute":{"_class":"fontDescriptor","attributes":{"name":"Montserrat-Light","size":15}},"MSAttributedStringColorAttribute":{"_class":"color","alpha":1,"blue":0.2665937542915344,"green":0.298234224319458,"red":0.1139688268303871},"textStyleVerticalAlignmentKey":0,"paragraphStyle":{"_class":"paragraphStyle","alignment":2,"allowsDefaultTighteningForTruncation":0},"kerning":-0.8437499233978328}}]}},"11":{"_class":"MSAttributedStringKey","size":"{215, 38}","string":{"_class":"attributedString","string":"By clicking Let’s Start, you agree to our Terms, Data Policy","attributes":[{"_class":"stringAttribute","location":0,"length":12,"attributes":{"MSAttributedStringFontAttribute":{"_class":"fontDescriptor","attributes":{"name":"Montserrat-Light","size":15}},"MSAttributedStringColorAttribute":{"_class":"color","alpha":1,"blue":0.5011904835700989,"green":0.5013941526412964,"red":0.5107595920562744},"textStyleVerticalAlignmentKey":0,"paragraphStyle":{"_class":"paragraphStyle","alignment":2,"allowsDefaultTighteningForTruncation":0},"kerning":-0.8437499233978328}},{"_class":"stringAttribute","location":12,"length":11,"attributes":{"MSAttributedStringFontAttribute":{"_class":"fontDescriptor","attributes":{"name":"Montserrat-Medium","size":15}},"MSAttributedStringColorAttribute":{"_class":"color","alpha":1,"blue":0.5011904835700989,"green":0.5013941526412964,"red":0.5107595920562744},"textStyleVerticalAlignmentKey":0,"paragraphStyle":{"_class":"paragraphStyle","alignment":2,"allowsDefaultTighteningForTruncation":0},"kerning":-0.8437499233978328}},{"_class":"stringAttribute","location":23,"length":19,"attributes":{"MSAttributedStringFontAttribute":{"_class":"fontDescriptor","attributes":{"name":"Montserrat-Light","size":15}},"MSAttributedStringColorAttribute":{"_class":"color","alpha":1,"blue":0.5011904835700989,"green":0.5013941526412964,"red":0.5107595920562744},"textStyleVerticalAlignmentKey":0,"paragraphStyle":{"_class":"paragraphStyle","alignment":2,"allowsDefaultTighteningForTruncation":0},"kerning":-0.8437499233978328}},{"_class":"stringAttribute","location":42,"length":5,"attributes":{"MSAttributedStringFontAttribute":{"_class":"fontDescriptor","attributes":{"name":"Montserrat-Medium","size":15}},"MSAttributedStringColorAttribute":{"_class":"color","alpha":1,"blue":0.5011904835700989,"green":0.5013941526412964,"red":0.5107595920562744},"textStyleVerticalAlignmentKey":0,"paragraphStyle":{"_class":"paragraphStyle","alignment":2,"allowsDefaultTighteningForTruncation":0},"kerning":-0.8437499233978328}},{"_class":"stringAttribute","location":47,"length":2,"attributes":{"MSAttributedStringFontAttribute":{"_class":"fontDescriptor","attributes":{"name":"Montserrat-Light","size":15}},"MSAttributedStringColorAttribute":{"_class":"color","alpha":1,"blue":0.5011904835700989,"green":0.5013941526412964,"red":0.5107595920562744},"textStyleVerticalAlignmentKey":0,"paragraphStyle":{"_class":"paragraphStyle","alignment":2,"allowsDefaultTighteningForTruncation":0},"kerning":-0.8437499233978328}},{"_class":"stringAttribute","location":49,"length":11,"attributes":{"MSAttributedStringFontAttribute":{"_class":"fontDescriptor","attributes":{"name":"Montserrat-Medium","size":15}},"MSAttributedStringColorAttribute":{"_class":"color","alpha":1,"blue":0.5011904835700989,"green":0.5013941526412964,"red":0.5107595920562744},"textStyleVerticalAlignmentKey":0,"paragraphStyle":{"_class":"paragraphStyle","alignment":2,"allowsDefaultTighteningForTruncation":0},"kerning":-0.8437499233978328}}]}},"9":{"_class":"MSAttributedStringKey","size":"{140, 61}","string":{"_class":"attributedString","string":"LOGO","attributes":[{"_class":"stringAttribute","location":0,"length":4,"attributes":{"MSAttributedStringFontAttribute":{"_class":"fontDescriptor","attributes":{"name":"Montserrat-ExtraLight","size":50}},"MSAttributedStringColorAttribute":{"_class":"color","alpha":1,"blue":0.2666666666666667,"green":0.2980392156862745,"red":0.07450980392156863},"textStyleVerticalAlignmentKey":0,"paragraphStyle":{"_class":"paragraphStyle","alignment":2,"allowsDefaultTighteningForTruncation":0},"kerning":-2.812499744659442}}]}},"7":{"_class":"MSAttributedStringKey","size":"{74, 19}","string":{"_class":"attributedString","string":"2021 LOGO","attributes":[{"_class":"stringAttribute","location":0,"length":9,"attributes":{"MSAttributedStringFontAttribute":{"_class":"fontDescriptor","attributes":{"name":"Montserrat-ExtraLight","size":15}},"MSAttributedStringColorAttribute":{"_class":"color","alpha":1,"blue":0.2666666666666667,"green":0.2980392156862745,"red":0.07450980392156863},"textStyleVerticalAlignmentKey":0,"paragraphStyle":{"_class":"paragraphStyle","alignment":1,"allowsDefaultTighteningForTruncation":0},"kerning":-0.8437499233978328}}]}},"5":{"_class":"MSAttributedStringKey","size":"{74, 19}","string":{"_class":"attributedString","string":"2021 LOGO","attributes":[{"_class":"stringAttribute","location":0,"length":9,"attributes":{"MSAttributedStringFontAttribute":{"_class":"fontDescriptor","attributes":{"name":"Montserrat-ExtraLight","size":15}},"MSAttributedStringColorAttribute":{"_class":"color","alpha":1,"blue":0.2666666666666667,"green":0.2980392156862745,"red":0.07450980392156863},"textStyleVerticalAlignmentKey":0,"paragraphStyle":{"_class":"paragraphStyle","alignment":1,"allowsDefaultTighteningForTruncation":0},"kerning":-0.8437499233978328}}]}},"3":{"_class":"MSAttributedStringKey","size":"{46, 19}","string":{"_class":"attributedString","string":"Sign in","attributes":[{"_class":"stringAttribute","location":0,"length":7,"attributes":{"MSAttributedStringFontAttribute":{"_class":"fontDescriptor","attributes":{"name":"Montserrat-Light","size":15}},"MSAttributedStringColorAttribute":{"_class":"color","alpha":1,"blue":0.2666666666666667,"green":0.2980392156862745,"red":0.07450980392156863},"textStyleVerticalAlignmentKey":0,"paragraphStyle":{"_class":"paragraphStyle","alignment":2,"allowsDefaultTighteningForTruncation":0},"kerning":-0.8437499233978328}}]}},"1":{"_class":"MSAttributedStringKey","size":"{183, 38}","string":{"_class":"attributedString","string":"Sign up to add your stocks and be the first to catch up","attributes":[{"_class":"stringAttribute","location":0,"length":55,"attributes":{"MSAttributedStringFontAttribute":{"_class":"fontDescriptor","attributes":{"name":"Montserrat-Light","size":15}},"MSAttributedStringColorAttribute":{"_class":"color","alpha":1,"blue":0.5013716966366759,"green":0.5013716966366759,"red":0.5117470561594203},"textStyleVerticalAlignmentKey":0,"paragraphStyle":{"_class":"paragraphStyle","alignment":2,"allowsDefaultTighteningForTruncation":0},"kerning":-0.8437499233978328}}]}},"14":{"_class":"MSAttributedStringKey","size":"{140, 61}","string":{"_class":"attributedString","string":"LOGO","attributes":[{"_class":"stringAttribute","location":0,"length":4,"attributes":{"MSAttributedStringFontAttribute":{"_class":"fontDescriptor","attributes":{"name":"Montserrat-ExtraLight","size":50}},"MSAttributedStringColorAttribute":{"_class":"color","alpha":1,"blue":0.2666666666666667,"green":0.2980392156862745,"red":0.07450980392156863},"textStyleVerticalAlignmentKey":0,"paragraphStyle":{"_class":"paragraphStyle","alignment":2,"allowsDefaultTighteningForTruncation":0},"kerning":-2.812499744659442}}]}},"12":{"_class":"MSAttributedStringKey","size":"{267, 53}","string":{"_class":"attributedString","string":"WELCOME!!","attributes":[{"_class":"stringAttribute","location":0,"length":8,"attributes":{"MSAttributedStringFontAttribute":{"_class":"fontDescriptor","attributes":{"name":"Montserrat-Light","size":40}},"MSAttributedStringColorAttribute":{"_class":"color","alpha":1,"blue":0.5011904835700989,"green":0.5013941526412964,"red":0.5107595920562744},"kerning":-2.249999795727555,"textStyleVerticalAlignmentKey":0,"paragraphStyle":{"_class":"paragraphStyle","alignment":2,"allowsDefaultTighteningForTruncation":0}}},{"_class":"stringAttribute","location":8,"length":1,"attributes":{"MSAttributedStringFontAttribute":{"_class":"fontDescriptor","attributes":{"name":"Montserrat-Light","size":20}},"MSAttributedStringColorAttribute":{"_class":"color","alpha":1,"blue":0.5011904835700989,"green":0.5013941526412964,"red":0.5107595920562744},"kerning":-1.124999897863777,"textStyleVerticalAlignmentKey":0,"paragraphStyle":{"_class":"paragraphStyle","alignment":2,"allowsDefaultTighteningForTruncation":0}}}]}},"10":{"_class":"MSAttributedStringKey","size":"{229, 53}","string":{"_class":"attributedString","string":"An Email with verification code was just sent to you.","attributes":[{"_class":"stringAttribute","location":0,"length":53,"attributes":{"MSAttributedStringFontAttribute":{"_class":"fontDescriptor","attributes":{"name":"Montserrat-Light","size":20}},"MSAttributedStringColorAttribute":{"_class":"color","alpha":1,"blue":0.5011904835700989,"green":0.5013941526412964,"red":0.5107595920562744},"kerning":-1.124999897863777,"textStyleVerticalAlignmentKey":0,"paragraphStyle":{"_class":"paragraphStyle","alignment":0,"allowsDefaultTighteningForTruncation":0}}}]}},"8":{"_class":"MSAttributedStringKey","size":"{74, 19}","string":{"_class":"attributedString","string":"2021 LOGO","attributes":[{"_class":"stringAttribute","location":0,"length":9,"attributes":{"MSAttributedStringFontAttribute":{"_class":"fontDescriptor","attributes":{"name":"Montserrat-ExtraLight","size":15}},"MSAttributedStringColorAttribute":{"_class":"color","alpha":1,"blue":0.2666666666666667,"green":0.2980392156862745,"red":0.07450980392156863},"textStyleVerticalAlignmentKey":0,"paragraphStyle":{"_class":"paragraphStyle","alignment":1,"allowsDefaultTighteningForTruncation":0},"kerning":-0.8437499233978328}}]}},"6":{"_class":"MSAttributedStringKey","size":"{58, 19}","string":{"_class":"attributedString","string":"Add Text","attributes":[{"_class":"stringAttribute","location":0,"length":8,"attributes":{"MSAttributedStringFontAttribute":{"_class":"fontDescriptor","attributes":{"name":"Montserrat-Light","size":15}},"MSAttributedStringColorAttribute":{"_class":"color","alpha":1,"blue":0.2666666666666667,"green":0.2980392156862745,"red":0.07450980392156863},"textStyleVerticalAlignmentKey":0,"paragraphStyle":{"_class":"paragraphStyle","alignment":2,"allowsDefaultTighteningForTruncation":0},"kerning":-0.8437499233978328}}]}},"4":{"_class":"MSAttributedStringKey","size":"{74, 19}","string":{"_class":"attributedString","string":"2021 LOGO","attributes":[{"_class":"stringAttribute","location":0,"length":9,"attributes":{"MSAttributedStringFontAttribute":{"_class":"fontDescriptor","attributes":{"name":"Montserrat-ExtraLight","size":15}},"MSAttributedStringColorAttribute":{"_class":"color","alpha":1,"blue":0.2666666666666667,"green":0.2980392156862745,"red":0.07450980392156863},"textStyleVerticalAlignmentKey":0,"paragraphStyle":{"_class":"paragraphStyle","alignment":1,"allowsDefaultTighteningForTruncation":0},"kerning":-0.8437499233978328}}]}},"2":{"_class":"MSAttributedStringKey","size":"{52, 19}","string":{"_class":"attributedString","string":"Sign up","attributes":[{"_class":"stringAttribute","location":0,"length":7,"attributes":{"MSAttributedStringFontAttribute":{"_class":"fontDescriptor","attributes":{"name":"Montserrat-Light","size":15}},"MSAttributedStringColorAttribute":{"_class":"color","alpha":1,"blue":0.2666666666666667,"green":0.2980392156862745,"red":0.07450980392156863},"textStyleVerticalAlignmentKey":0,"paragraphStyle":{"_class":"paragraphStyle","alignment":2,"allowsDefaultTighteningForTruncation":0},"kerning":-0.8437499233978328}}]}}}