{"_class":"document","do_objectID":"3F79B618-0113-4BB7-98A7-D5FF61555447","colorSpace":0,"currentPageIndex":0,"assets":{"_class":"assetCollection","do_objectID":"D01181F3-6B81-42D5-A025-8671FA33DDE2","images":[],"colorAssets":[],"exportPresets":[],"gradientAssets":[],"imageCollection":{"_class":"imageCollection","images":{}},"colors":[],"gradients":[]},"foreignLayerStyles":[],"foreignSymbols":[],"foreignTextStyles":[],"layerStyles":{"_class":"sharedStyleContainer","objects":[]},"layerSymbols":{"_class":"symbolContainer","objects":[]},"layerTextStyles":{"_class":"sharedTextStyleContainer","objects":[]},"pages":[{"_class":"MSJSONFileReference","_ref_class":"MSImmutablePage","_ref":"pages\/F3304BB8-5EE9-4B3D-B0B7-402AA4D11B74"},{"_class":"MSJSONFileReference","_ref_class":"MSImmutablePage","_ref":"pages\/F9752039-833C-44FA-A7BD-5FBDB50505DE"}]}