{"commit":"6896e2bfdb0a2a03f745e4054a8c5fc58565f9f1","pagesAndArtboards":{"F9752039-833C-44FA-A7BD-5FBDB50505DE":{"name":"Symbols","artboards":{"016E9D96-2A18-4CD1-8F2C-32C75A3BA83C":{"name":"Sign up"}}},"F3304BB8-5EE9-4B3D-B0B7-402AA4D11B74":{"name":"Page 1","artboards":{"068B6746-3DC1-4A35-BBA2-0E53E11FA619":{"name":"Verification_code"},"79174E88-9DCF-4178-A0BC-2CEE40A5B93C":{"name":"Sign up"},"E8375FBE-3C68-48C2-94BA-0F52EFC5230D":{"name":"Sign in"},"8F6CAC0A-46B9-4BEF-8ED3-988F9F8E72CC":{"name":"Welcome"}}}},"version":123,"fonts":["Montserrat-ExtraLight","STHeitiTC-Light","STHeitiSC-Light","Montserrat-Light","Montserrat-Medium"],"compatibilityVersion":99,"app":"com.bohemiancoding.sketch3","autosaved":0,"variant":"NONAPPSTORE","created":{"commit":"6896e2bfdb0a2a03f745e4054a8c5fc58565f9f1","appVersion":"63.1","build":92452,"app":"com.bohemiancoding.sketch3","compatibilityVersion":99,"version":123,"variant":"NONAPPSTORE"},"saveHistory":["NONAPPSTORE.92452"],"appVersion":"63.1","build":92452}